{
  "urls": [
    "sfx.mp3"
  ],
  "sprite": {
    "badge_notification": [
      0,
      967.5283446712018
    ],
    "copy": [
      1100,
      180.8163265306122
    ],
    "destroy_building": [
      2200,
      467.21088435374145
    ],
    "dialog_error": [
      3300.0000000000005,
      195.07936507936518
    ],
    "dialog_ok": [
      4400,
      880.4535147392291
    ],
    "level_complete": [
      5500.000000000001,
      2119.387755102041
    ],
    "place_belt": [
      8600.000000000002,
      63.80952380952465
    ],
    "place_building": [
      9700.000000000004,
      309.8412698412698
    ],
    "ui_click": [
      10800.000000000002,
      112.97052154194986
    ],
    "ui_error": [
      11900.000000000002,
      305.73696145124705
    ],
    "ui_swish_hide": [
      13000.000000000002,
      85.41950113378682
    ],
    "ui_swish_show": [
      14100.000000000002,
      112.78911564625815
    ]
  },
  "src": [
    "sfx.mp3"
  ]
}